strategy,symbol,asset_class,bars,test_start,test_end,params,train_return_pct,train_trades,oos_return_pct,oos_sharpe,oos_deflated_sharpe,oos_psr,oos_max_dd_pct,oos_profit_factor,oos_trades,oos_cagr_pct,n_trials,decision
trend_following,SPX,index,24738,2001-11-27,2026-06-26,"{""fast_ema"": 30, ""slow_ema"": 50, ""atr_stop_mult"": 3.0, ""trailing_stop"": true}",-15.14,449,18.116,0.22,0.2792,0.8612,9.085,1.224,129,0.468,10,accepted
trend_following,NDX,index,10263,2016-04-14,2026-06-26,"{""fast_ema"": 30, ""slow_ema"": 50, ""atr_stop_mult"": 3.0, ""trailing_stop"": true}",18.947,127,15.986,0.492,0.7656,0.9399,7.646,1.454,59,1.008,10,accepted
trend_following,DJI,index,8682,2017-11-06,2026-06-26,"{""fast_ema"": 20, ""slow_ema"": 50, ""atr_stop_mult"": 2.5, ""trailing_stop"": true}",10.862,129,3.386,0.136,0.2633,0.6546,8.996,1.109,51,0.266,10,rejected
trend_following,FTSE,index,10731,2015-11-11,2026-06-26,"{""fast_ema"": 10, ""slow_ema"": 100, ""atr_stop_mult"": 2.5, ""trailing_stop"": false}",18.24,167,-28.71,-0.894,0.0,0.0014,32.877,0.451,79,-2.174,10,rejected
trend_following,DAX,index,9732,2016-11-23,2026-06-26,"{""fast_ema"": 10, ""slow_ema"": 200, ""atr_stop_mult"": 1.5, ""trailing_stop"": false}",-63.015,406,-36.42,-0.668,0.0026,0.0196,39.485,0.639,168,-3.206,10,rejected
trend_following,NIKKEI,index,15113,2011-01-18,2026-06-26,"{""fast_ema"": 20, ""slow_ema"": 50, ""atr_stop_mult"": 2.5, ""trailing_stop"": true}",69.366,402,-18.348,-0.327,0.0024,0.1007,33.347,0.756,119,-0.902,10,rejected
trend_following,AAPL,equity,11066,2013-11-07,2024-11-04,"{""fast_ema"": 30, ""slow_ema"": 50, ""atr_stop_mult"": 3.0, ""trailing_stop"": true}",17.162,122,25.845,0.593,0.8486,0.9771,8.021,1.492,77,1.453,10,accepted
trend_following,MSFT,equity,9740,2015-03-06,2024-11-04,"{""fast_ema"": 10, ""slow_ema"": 50, ""atr_stop_mult"": 2.0, ""trailing_stop"": false}",23.147,208,23.125,0.471,0.8399,0.9292,11.455,1.345,103,1.496,10,overfit_suspected
trend_following,JPM,equity,11254,2013-09-03,2024-11-04,"{""fast_ema"": 20, ""slow_ema"": 50, ""atr_stop_mult"": 3.0, ""trailing_stop"": false}",5.244,98,-0.539,-0.0,0.3405,0.4997,13.52,0.985,61,-0.033,10,rejected
trend_following,XOM,equity,15819,2009-02-20,2024-11-04,"{""fast_ema"": 10, ""slow_ema"": 100, ""atr_stop_mult"": 2.5, ""trailing_stop"": false}",8.388,171,-17.907,-0.366,0.009,0.0718,23.843,0.719,96,-0.863,10,rejected
trend_following,JNJ,equity,15819,2009-02-20,2024-11-04,"{""fast_ema"": 10, ""slow_ema"": 100, ""atr_stop_mult"": 3.0, ""trailing_stop"": true}",-20.516,118,-5.511,-0.123,0.006,0.3118,16.855,0.877,64,-0.249,10,rejected
trend_following,KO,equity,15819,2009-02-20,2024-11-04,"{""fast_ema"": 30, ""slow_ema"": 50, ""atr_stop_mult"": 3.0, ""trailing_stop"": true}",86.373,179,0.098,0.018,0.0842,0.5278,16.626,1.002,75,0.004,10,rejected
trend_following,PG,equity,15819,2009-02-20,2024-11-04,"{""fast_ema"": 30, ""slow_ema"": 50, ""atr_stop_mult"": 3.0, ""trailing_stop"": true}",13.282,122,-6.751,-0.14,0.1737,0.2888,10.651,0.846,65,-0.307,10,rejected
trend_following,GE,equity,15819,2009-02-20,2024-11-04,"{""fast_ema"": 20, ""slow_ema"": 50, ""atr_stop_mult"": 3.0, ""trailing_stop"": false}",-5.63,151,11.573,0.249,0.4105,0.8387,13.685,1.285,71,0.482,10,accepted
trend_following,IBM,equity,15819,2009-02-20,2024-11-04,"{""fast_ema"": 10, ""slow_ema"": 100, ""atr_stop_mult"": 3.0, ""trailing_stop"": true}",53.404,165,-7.924,-0.153,0.1757,0.2717,18.964,0.849,74,-0.362,10,rejected
trend_following,WMT,equity,13160,2011-10-10,2024-11-04,"{""fast_ema"": 10, ""slow_ema"": 200, ""atr_stop_mult"": 1.5, ""trailing_stop"": false}",2.384,488,-2.889,-0.014,0.2022,0.4804,26.017,0.973,168,-0.155,10,rejected
trend_following,CVX,equity,15819,2009-02-20,2024-11-04,"{""fast_ema"": 30, ""slow_ema"": 50, ""atr_stop_mult"": 3.0, ""trailing_stop"": true}",26.668,120,-16.545,-0.382,0.0053,0.0629,20.687,0.698,78,-0.791,10,rejected
trend_following,MCD,equity,14684,2010-04-08,2024-11-04,"{""fast_ema"": 30, ""slow_ema"": 50, ""atr_stop_mult"": 3.0, ""trailing_stop"": true}",87.155,137,-10.556,-0.24,0.0098,0.1785,13.093,0.79,74,-0.527,10,rejected
trend_following,CAT,equity,15819,2009-02-20,2024-11-04,"{""fast_ema"": 10, ""slow_ema"": 100, ""atr_stop_mult"": 3.0, ""trailing_stop"": true}",20.414,170,-3.883,-0.063,0.0259,0.401,21.769,0.944,97,-0.174,10,rejected
trend_following,DIS,equity,15819,2009-02-20,2024-11-04,"{""fast_ema"": 30, ""slow_ema"": 50, ""atr_stop_mult"": 3.0, ""trailing_stop"": true}",32.123,203,12.456,0.257,0.5118,0.8463,10.161,1.245,76,0.517,10,overfit_suspected
trend_following,INTC,equity,11254,2013-09-03,2024-11-04,"{""fast_ema"": 20, ""slow_ema"": 50, ""atr_stop_mult"": 2.5, ""trailing_stop"": true}",-17.555,172,-13.43,-0.325,0.012,0.139,22.776,0.755,78,-0.887,10,rejected
trend_following,MMM,equity,15819,2009-02-20,2024-11-04,"{""fast_ema"": 10, ""slow_ema"": 100, ""atr_stop_mult"": 3.0, ""trailing_stop"": true}",-4.921,119,29.813,0.536,0.8475,0.9821,6.586,1.797,64,1.153,10,overfit_suspected
trend_following,GS,equity,6419,2018-06-21,2024-11-04,"{""fast_ema"": 10, ""slow_ema"": 100, ""atr_stop_mult"": 3.0, ""trailing_stop"": true}",5.202,52,3.995,0.245,0.481,0.7316,4.974,1.345,20,0.425,10,needs_more_data
trend_following,AMZN,equity,6914,2017-12-21,2024-11-04,"{""fast_ema"": 20, ""slow_ema"": 100, ""atr_stop_mult"": 2.0, ""trailing_stop"": false}",28.346,114,6.116,0.18,0.5119,0.6881,14.773,1.114,74,0.598,10,rejected
trend_following,GOLD,commodity,6479,2020-01-21,2026-06-26,"{""fast_ema"": 10, ""slow_ema"": 100, ""atr_stop_mult"": 2.5, ""trailing_stop"": false}",4.268,139,30.068,1.052,0.9591,0.9962,6.372,2.209,50,2.862,10,overfit_suspected
trend_following,OIL,commodity,6487,2020-01-15,2026-06-26,"{""fast_ema"": 20, ""slow_ema"": 50, ""atr_stop_mult"": 3.0, ""trailing_stop"": false}",2.312,51,3.881,0.248,0.2468,0.7339,5.969,1.318,21,0.408,10,needs_more_data
trend_following,SILVER,commodity,6481,2020-01-17,2026-06-26,"{""fast_ema"": 10, ""slow_ema"": 200, ""atr_stop_mult"": 1.5, ""trailing_stop"": false}",-35.056,285,-19.539,-0.426,0.0843,0.1373,30.197,0.776,128,-2.302,10,rejected
trend_following,COPPER,commodity,6484,2020-01-21,2026-06-26,"{""fast_ema"": 10, ""slow_ema"": 200, ""atr_stop_mult"": 1.5, ""trailing_stop"": false}",-44.412,251,-23.581,-0.589,0.0083,0.0645,36.157,0.697,116,-2.845,10,rejected
trend_following,EURUSD,fx,5856,2020-11-11,2026-06-26,"{""fast_ema"": 30, ""slow_ema"": 50, ""atr_stop_mult"": 3.0, ""trailing_stop"": true}",8.337,57,5.659,0.452,0.587,0.8633,3.403,1.935,13,0.678,10,needs_more_data
trend_following,GBPUSD,fx,5868,2020-11-06,2026-06-26,"{""fast_ema"": 20, ""slow_ema"": 100, ""atr_stop_mult"": 2.0, ""trailing_stop"": false}",-8.561,86,0.366,0.036,0.2352,0.5344,10.73,1.014,38,0.045,10,rejected
trend_following,USDJPY,fx,7691,2019-02-07,2026-06-27,"{""fast_ema"": 20, ""slow_ema"": 100, ""atr_stop_mult"": 2.0, ""trailing_stop"": false}",-8.426,141,3.229,0.112,0.4068,0.6202,7.47,1.075,66,0.297,10,rejected
trend_following,BTCUSD,crypto,4302,2023-07-19,2026-06-28,"{""fast_ema"": 10, ""slow_ema"": 100, ""atr_stop_mult"": 2.5, ""trailing_stop"": false}",50.466,64,4.055,0.288,0.4689,0.7239,7.19,1.204,33,0.936,10,accepted
trend_following,ETHUSD,crypto,3153,2024-05-01,2026-06-28,"{""fast_ema"": 10, ""slow_ema"": 100, ""atr_stop_mult"": 2.0, ""trailing_stop"": false}",31.998,62,6.5,0.516,0.5935,0.8169,5.882,1.551,23,2.034,10,needs_more_data
volatility_breakout,SPX,index,24738,2001-11-27,2026-06-26,"{""donchian_window"": 60, ""atr_filter"": 1.5, ""stop_atr"": 2.5}",-6.648,55,0.009,0.003,0.2196,0.5065,2.189,1.003,5,0.0,10,needs_more_data
volatility_breakout,NDX,index,10263,2016-04-14,2026-06-26,"{""donchian_window"": 20, ""atr_filter"": 1.0, ""stop_atr"": 1.5}",3.051,19,-4.401,-0.372,0.0299,0.1028,7.897,0.363,9,-0.304,10,needs_more_data
volatility_breakout,DJI,index,8682,2017-11-06,2026-06-26,"{""donchian_window"": 60, ""atr_filter"": 1.5, ""stop_atr"": 2.5}",-1.007,1,1.565,0.391,0.5132,0.8725,0.632,inf,1,0.124,10,needs_more_data
volatility_breakout,FTSE,index,10731,2015-11-11,2026-06-26,"{""donchian_window"": 20, ""atr_filter"": 1.5, ""stop_atr"": 1.5}",-2.015,2,0.193,0.035,0.0974,0.545,1.225,1.189,2,0.013,10,needs_more_data
volatility_breakout,DAX,index,9732,2016-11-23,2026-06-26,"{""donchian_window"": 20, ""atr_filter"": 1.0, ""stop_atr"": 1.5}",-0.092,36,0.737,0.069,0.1632,0.5842,3.789,1.188,7,0.053,10,needs_more_data
volatility_breakout,NIKKEI,index,15113,2011-01-18,2026-06-26,"{""donchian_window"": 60, ""atr_filter"": 1.5, ""stop_atr"": 2.5}",22.318,41,3.132,0.33,0.8149,0.9287,1.616,3.084,3,0.138,10,needs_more_data
volatility_breakout,AAPL,equity,11066,2013-11-07,2024-11-04,"{""donchian_window"": 20, ""atr_filter"": 2.0, ""stop_atr"": 2.5}",0.934,3,0.0,0.0,0.0,0.0,0.0,0.0,0,0.0,10,rejected
volatility_breakout,MSFT,equity,9740,2015-03-06,2024-11-04,"{""donchian_window"": 60, ""atr_filter"": 1.5, ""stop_atr"": 2.5}",0.541,2,-1.252,-0.191,0.1375,0.2709,3.205,0.582,4,-0.09,10,needs_more_data
volatility_breakout,JPM,equity,11254,2013-09-03,2024-11-04,"{""donchian_window"": 60, ""atr_filter"": 1.0, ""stop_atr"": 2.5}",-5.395,11,-1.009,-0.044,0.3328,0.4407,5.088,0.774,5,-0.063,10,needs_more_data
volatility_breakout,XOM,equity,15819,2009-02-20,2024-11-04,"{""donchian_window"": 20, ""atr_filter"": 1.5, ""stop_atr"": 2.0}",-4.341,4,2.059,0.234,0.5362,0.8378,1.586,2.787,3,0.09,10,needs_more_data
volatility_breakout,JNJ,equity,15819,2009-02-20,2024-11-04,"{""donchian_window"": 20, ""atr_filter"": 1.5, ""stop_atr"": 2.0}",-2.323,7,1.457,0.158,0.3655,0.7457,0.997,inf,1,0.064,10,needs_more_data
volatility_breakout,KO,equity,15819,2009-02-20,2024-11-04,"{""donchian_window"": 60, ""atr_filter"": 1.5, ""stop_atr"": 2.5}",-0.303,5,0.0,0.0,0.0,0.0,0.0,0.0,0,0.0,10,rejected
volatility_breakout,PG,equity,15819,2009-02-20,2024-11-04,"{""donchian_window"": 20, ""atr_filter"": 1.5, ""stop_atr"": 1.5}",-0.76,1,0.0,0.0,0.0,0.0,0.0,0.0,0,0.0,10,rejected
volatility_breakout,GE,equity,15819,2009-02-20,2024-11-04,"{""donchian_window"": 20, ""atr_filter"": 1.5, ""stop_atr"": 1.5}",1.242,1,0.0,0.0,0.0,0.0,0.0,0.0,0,0.0,10,rejected
volatility_breakout,IBM,equity,15819,2009-02-20,2024-11-04,"{""donchian_window"": 60, ""atr_filter"": 1.5, ""stop_atr"": 2.5}",-2.01,2,0.0,0.0,0.0,0.0,0.0,0.0,0,0.0,10,rejected
volatility_breakout,WMT,equity,13160,2011-10-10,2024-11-04,"{""donchian_window"": 20, ""atr_filter"": 1.5, ""stop_atr"": 1.5}",-1.581,3,-2.023,-0.386,0.0026,0.0202,2.023,0.0,2,-0.108,10,needs_more_data
volatility_breakout,CVX,equity,15819,2009-02-20,2024-11-04,"{""donchian_window"": 20, ""atr_filter"": 1.5, ""stop_atr"": 1.5}",1.263,1,0.0,0.0,0.0,0.0,0.0,0.0,0,0.0,10,rejected
volatility_breakout,MCD,equity,14684,2010-04-08,2024-11-04,"{""donchian_window"": 60, ""atr_filter"": 1.0, ""stop_atr"": 2.5}",4.418,17,0.925,0.086,0.5339,0.628,2.729,1.284,5,0.044,10,needs_more_data
volatility_breakout,CAT,equity,15819,2009-02-20,2024-11-04,"{""donchian_window"": 20, ""atr_filter"": 2.0, ""stop_atr"": 2.5}",-2.0,2,0.0,0.0,0.0,0.0,0.0,0.0,0,0.0,10,rejected
volatility_breakout,DIS,equity,15819,2009-02-20,2024-11-04,"{""donchian_window"": 60, ""atr_filter"": 1.5, ""stop_atr"": 2.5}",1.252,7,0.0,0.0,0.0,0.0,0.0,0.0,0,0.0,10,rejected
volatility_breakout,INTC,equity,11254,2013-09-03,2024-11-04,"{""donchian_window"": 60, ""atr_filter"": 1.5, ""stop_atr"": 2.5}",-1.066,4,-1.078,-0.571,0.0,0.0002,1.078,0.0,1,-0.067,10,needs_more_data
volatility_breakout,MMM,equity,15819,2009-02-20,2024-11-04,"{""donchian_window"": 20, ""atr_filter"": 1.5, ""stop_atr"": 1.5}",1.269,1,1.563,0.264,0.5272,0.862,0.896,inf,1,0.068,10,needs_more_data
volatility_breakout,GS,equity,6419,2018-06-21,2024-11-04,"{""donchian_window"": 60, ""atr_filter"": 1.5, ""stop_atr"": 2.5}",0.0,0,0.0,0.0,0.0,0.0,0.0,0.0,0,0.0,10,rejected
volatility_breakout,AMZN,equity,6914,2017-12-21,2024-11-04,"{""donchian_window"": 20, ""atr_filter"": 1.5, ""stop_atr"": 1.5}",-1.998,2,0.0,0.0,0.0,0.0,0.0,0.0,0,0.0,10,rejected
volatility_breakout,GOLD,commodity,6479,2020-01-21,2026-06-26,"{""donchian_window"": 60, ""atr_filter"": 1.0, ""stop_atr"": 2.5}",-5.135,19,3.874,0.386,0.3374,0.8344,4.799,1.741,10,0.409,10,needs_more_data
volatility_breakout,OIL,commodity,6487,2020-01-15,2026-06-26,"{""donchian_window"": 60, ""atr_filter"": 1.0, ""stop_atr"": 2.5}",-2.996,3,0.0,0.0,0.0,0.0,0.0,0.0,0,0.0,10,rejected
volatility_breakout,SILVER,commodity,6481,2020-01-17,2026-06-26,"{""donchian_window"": 60, ""atr_filter"": 1.5, ""stop_atr"": 2.5}",11.071,11,1.892,0.465,0.6729,0.8961,0.644,inf,1,0.201,10,needs_more_data
volatility_breakout,COPPER,commodity,6484,2020-01-21,2026-06-26,"{""donchian_window"": 20, ""atr_filter"": 2.0, ""stop_atr"": 2.5}",2.069,4,1.398,0.77,0.9585,0.9999,0.153,inf,1,0.149,10,needs_more_data
volatility_breakout,EURUSD,fx,5856,2020-11-11,2026-06-26,"{""donchian_window"": 60, ""atr_filter"": 1.0, ""stop_atr"": 2.5}",4.791,4,0.0,0.0,0.0,0.0,0.0,0.0,0,0.0,10,rejected
volatility_breakout,GBPUSD,fx,5868,2020-11-06,2026-06-26,"{""donchian_window"": 60, ""atr_filter"": 1.0, ""stop_atr"": 2.5}",2.129,4,0.0,0.0,0.0,0.0,0.0,0.0,0,0.0,10,rejected
volatility_breakout,USDJPY,fx,7691,2019-02-07,2026-06-27,"{""donchian_window"": 60, ""atr_filter"": 1.0, ""stop_atr"": 2.5}",1.361,2,0.0,0.0,0.0,0.0,0.0,0.0,0,0.0,10,rejected
volatility_breakout,BTCUSD,crypto,4302,2023-07-19,2026-06-28,"{""donchian_window"": 60, ""atr_filter"": 1.5, ""stop_atr"": 2.5}",1.833,3,1.544,0.408,0.3361,0.8073,1.403,inf,1,0.36,10,needs_more_data
volatility_breakout,ETHUSD,crypto,3153,2024-05-01,2026-06-28,"{""donchian_window"": 20, ""atr_filter"": 1.5, ""stop_atr"": 1.5}",-0.771,3,0.0,0.0,0.0,0.0,0.0,0.0,0,0.0,10,rejected
mean_reversion,SPX,index,24738,2001-11-27,2026-06-26,"{""zscore_window"": 20, ""zscore_entry"": 2.0, ""zscore_exit"": 0.0, ""stop_atr"": 2.0}",-8.758,10,-2.994,-0.273,0.0006,0.0692,2.994,0.0,3,-0.085,10,needs_more_data
mean_reversion,NDX,index,10263,2016-04-14,2026-06-26,"{""zscore_window"": 20, ""zscore_entry"": 2.0, ""zscore_exit"": 0.0, ""stop_atr"": 2.0}",-3.572,9,0.0,0.0,0.0,0.0,0.0,0.0,0,0.0,10,rejected
mean_reversion,DJI,index,8682,2017-11-06,2026-06-26,"{""zscore_window"": 20, ""zscore_entry"": 2.0, ""zscore_exit"": 0.0, ""stop_atr"": 2.0}",1.115,3,-1.239,-0.273,0.0034,0.177,2.004,0.386,3,-0.1,10,needs_more_data
mean_reversion,FTSE,index,10731,2015-11-11,2026-06-26,"{""zscore_window"": 100, ""zscore_entry"": 1.5, ""zscore_exit"": 0.5, ""stop_atr"": 1.5}",-0.763,1,0.0,0.0,0.0,0.0,0.0,0.0,0,0.0,10,rejected
mean_reversion,DAX,index,9732,2016-11-23,2026-06-26,"{""zscore_window"": 20, ""zscore_entry"": 2.5, ""zscore_exit"": 0.5, ""stop_atr"": 1.0}",-2.015,2,0.0,0.0,0.0,0.0,0.0,0.0,0,0.0,10,rejected
mean_reversion,NIKKEI,index,15113,2011-01-18,2026-06-26,"{""zscore_window"": 20, ""zscore_entry"": 2.5, ""zscore_exit"": 0.5, ""stop_atr"": 1.0}",-10.508,4,-3.128,-0.399,0.001,0.0192,4.083,0.234,5,-0.142,10,needs_more_data
mean_reversion,AAPL,equity,11066,2013-11-07,2024-11-04,"{""zscore_window"": 20, ""zscore_entry"": 2.0, ""zscore_exit"": 0.0, ""stop_atr"": 1.0}",1.589,11,-4.842,-0.553,0.0056,0.0296,4.842,0.0,5,-0.311,10,needs_more_data
mean_reversion,MSFT,equity,9740,2015-03-06,2024-11-04,"{""zscore_window"": 100, ""zscore_entry"": 1.5, ""zscore_exit"": 0.5, ""stop_atr"": 1.5}",-1.239,4,6.044,0.447,0.5448,0.9213,2.763,inf,2,0.42,10,needs_more_data
mean_reversion,JPM,equity,11254,2013-09-03,2024-11-04,"{""zscore_window"": 100, ""zscore_entry"": 1.5, ""zscore_exit"": 0.5, ""stop_atr"": 1.5}",-1.007,1,0.0,0.0,0.0,0.0,0.0,0.0,0,0.0,10,rejected
mean_reversion,XOM,equity,15819,2009-02-20,2024-11-04,"{""zscore_window"": 20, ""zscore_entry"": 2.0, ""zscore_exit"": 0.0, ""stop_atr"": 2.0}",9.485,12,-2.018,-0.154,0.0254,0.2703,5.313,0.608,8,-0.09,10,needs_more_data
mean_reversion,JNJ,equity,15819,2009-02-20,2024-11-04,"{""zscore_window"": 20, ""zscore_entry"": 2.0, ""zscore_exit"": 0.0, ""stop_atr"": 2.0}",-9.496,13,-3.493,-0.713,0.0,0.0,3.493,0.0,4,-0.156,10,needs_more_data
mean_reversion,KO,equity,15819,2009-02-20,2024-11-04,"{""zscore_window"": 20, ""zscore_entry"": 2.5, ""zscore_exit"": 0.5, ""stop_atr"": 1.0}",-2.567,11,-3.229,-0.335,0.017,0.0763,4.407,0.0,3,-0.144,10,needs_more_data
mean_reversion,PG,equity,15819,2009-02-20,2024-11-04,"{""zscore_window"": 20, ""zscore_entry"": 2.0, ""zscore_exit"": 0.0, ""stop_atr"": 2.0}",1.741,9,-2.515,-0.207,0.0064,0.1996,4.23,0.326,5,-0.112,10,needs_more_data
mean_reversion,GE,equity,15819,2009-02-20,2024-11-04,"{""zscore_window"": 20, ""zscore_entry"": 2.5, ""zscore_exit"": 0.5, ""stop_atr"": 2.0}",0.594,9,-3.219,-0.22,0.0141,0.1831,4.436,0.283,5,-0.144,10,needs_more_data
mean_reversion,IBM,equity,15819,2009-02-20,2024-11-04,"{""zscore_window"": 100, ""zscore_entry"": 2.0, ""zscore_exit"": 0.5, ""stop_atr"": 2.0}",-0.646,1,0.0,0.0,0.0,0.0,0.0,0.0,0,0.0,10,rejected
mean_reversion,WMT,equity,13160,2011-10-10,2024-11-04,"{""zscore_window"": 100, ""zscore_entry"": 2.0, ""zscore_exit"": 0.0, ""stop_atr"": 1.5}",1.613,2,-1.014,-0.15,0.0074,0.2851,2.161,0.0,1,-0.054,10,needs_more_data
mean_reversion,CVX,equity,15819,2009-02-20,2024-11-04,"{""zscore_window"": 100, ""zscore_entry"": 2.0, ""zscore_exit"": 0.5, ""stop_atr"": 2.0}",-1.007,1,-0.757,-0.234,0.0157,0.1551,1.383,0.0,1,-0.033,10,needs_more_data
mean_reversion,MCD,equity,14684,2010-04-08,2024-11-04,"{""zscore_window"": 20, ""zscore_entry"": 2.5, ""zscore_exit"": 0.5, ""stop_atr"": 2.0}",-4.928,5,-2.023,-0.389,0.0001,0.0151,2.109,0.0,2,-0.097,10,needs_more_data
mean_reversion,CAT,equity,15819,2009-02-20,2024-11-04,"{""zscore_window"": 100, ""zscore_entry"": 1.5, ""zscore_exit"": 0.5, ""stop_atr"": 1.5}",-1.415,5,-5.49,-0.666,0.0,0.0,5.49,0.0,5,-0.248,10,needs_more_data
mean_reversion,DIS,equity,15819,2009-02-20,2024-11-04,"{""zscore_window"": 20, ""zscore_entry"": 2.0, ""zscore_exit"": 0.0, ""stop_atr"": 1.0}",-16.397,39,-5.932,-0.3,0.0647,0.1105,8.983,0.286,10,-0.268,10,needs_more_data
mean_reversion,INTC,equity,11254,2013-09-03,2024-11-04,"{""zscore_window"": 100, ""zscore_entry"": 1.5, ""zscore_exit"": 0.5, ""stop_atr"": 1.5}",2.091,3,0.958,0.116,0.4259,0.6455,2.325,1.92,2,0.059,10,needs_more_data
mean_reversion,MMM,equity,15819,2009-02-20,2024-11-04,"{""zscore_window"": 20, ""zscore_entry"": 2.0, ""zscore_exit"": 0.0, ""stop_atr"": 2.0}",0.009,10,0.469,0.055,0.2279,0.5869,1.851,1.231,4,0.021,10,needs_more_data
mean_reversion,GS,equity,6419,2018-06-21,2024-11-04,"{""zscore_window"": 20, ""zscore_entry"": 2.0, ""zscore_exit"": 0.0, ""stop_atr"": 2.0}",0.654,2,2.066,0.339,0.75,0.8052,1.577,3.021,3,0.222,10,needs_more_data
mean_reversion,AMZN,equity,6914,2017-12-21,2024-11-04,"{""zscore_window"": 20, ""zscore_entry"": 2.0, ""zscore_exit"": 0.0, ""stop_atr"": 1.5}",5.468,5,0.276,0.038,0.0802,0.5394,3.035,1.091,5,0.028,10,needs_more_data
mean_reversion,GOLD,commodity,6479,2020-01-21,2026-06-26,"{""zscore_window"": 100, ""zscore_entry"": 2.0, ""zscore_exit"": 0.5, ""stop_atr"": 2.0}",0.0,0,0.0,0.0,0.0,0.0,0.0,0.0,0,0.0,10,rejected
mean_reversion,OIL,commodity,6487,2020-01-15,2026-06-26,"{""zscore_window"": 20, ""zscore_entry"": 2.5, ""zscore_exit"": 0.5, ""stop_atr"": 2.0}",-1.007,1,0.0,0.0,0.0,0.0,0.0,0.0,0,0.0,10,rejected
mean_reversion,SILVER,commodity,6481,2020-01-17,2026-06-26,"{""zscore_window"": 20, ""zscore_entry"": 2.5, ""zscore_exit"": 0.5, ""stop_atr"": 1.0}",2.226,2,-1.028,-0.395,0.0034,0.0228,1.028,0.0,1,-0.111,10,needs_more_data
mean_reversion,COPPER,commodity,6484,2020-01-21,2026-06-26,"{""zscore_window"": 20, ""zscore_entry"": 2.5, ""zscore_exit"": 0.5, ""stop_atr"": 1.0}",-3.032,3,2.13,0.185,0.5088,0.6829,2.236,2.492,2,0.226,10,needs_more_data
mean_reversion,EURUSD,fx,5856,2020-11-11,2026-06-26,"{""zscore_window"": 20, ""zscore_entry"": 2.5, ""zscore_exit"": 0.5, ""stop_atr"": 1.0}",-1.012,1,-1.045,-0.322,0.0312,0.2106,1.899,0.0,1,-0.129,10,needs_more_data
mean_reversion,GBPUSD,fx,5868,2020-11-06,2026-06-26,"{""zscore_window"": 100, ""zscore_entry"": 1.5, ""zscore_exit"": 0.5, ""stop_atr"": 1.5}",-3.03,3,-1.013,-0.29,0.0342,0.2401,1.578,0.0,1,-0.125,10,needs_more_data
mean_reversion,USDJPY,fx,7691,2019-02-07,2026-06-27,"{""zscore_window"": 20, ""zscore_entry"": 2.5, ""zscore_exit"": 0.5, ""stop_atr"": 1.0}",-2.017,2,-1.058,-0.289,0.0323,0.2013,1.835,0.0,1,-0.099,10,needs_more_data
mean_reversion,BTCUSD,crypto,4302,2023-07-19,2026-06-28,"{""zscore_window"": 100, ""zscore_entry"": 2.0, ""zscore_exit"": 0.0, ""stop_atr"": 1.5}",0.0,0,0.0,0.0,0.0,0.0,0.0,0.0,0,0.0,10,rejected
mean_reversion,ETHUSD,crypto,3153,2024-05-01,2026-06-28,"{""zscore_window"": 100, ""zscore_entry"": 1.5, ""zscore_exit"": 0.5, ""stop_atr"": 1.5}",0.0,0,0.0,0.0,0.0,0.0,0.0,0.0,0,0.0,10,rejected
